Name,Dialogue,NextRow,Datatable,EndDialogue?,CharacterName,EN,JP,Actionable?,KR,CH,DE
ch1_intro,"Hari ini benar-benar menguras tenaga... Aku hanya ingin makan, mandi, lalu tidur.",None,/Script/Engine.DataTable'/Game/Dialogue/Chapter1_Dialogue.Chapter1_Dialogue',true,,"Today was exhausting… I just want to eat, take a shower, and collapse into bed.",今日は本当に疲れた…ただ食べて、シャワーを浴びて、寝たいだけ。,false,"오늘은 정말 기운이 다 빠졌어… 밥 먹고, 씻고, 곧장 자고 싶다.",今天真是太累了...我只想吃饭、洗澡、然后睡觉。,"Der heutige Tag war wirklich anstrengend ... Ich möchte nur essen, duschen und dann schlafen."
ch1_welcome,Akhirnya sampai juga...,ch1_welcome2,/Script/Engine.DataTable'/Game/Dialogue/Chapter1_Dialogue.Chapter1_Dialogue',false,,Finally here…,ついに...,false,드디어 집에 도착했어.,终于到了...,Endlich angekommen...
ch1_welcome2,Masak pun rasanya berat. Makanan beku saja cukup... aku tidak punya tenaga untuk repot malam ini.,None,/Script/Engine.DataTable'/Game/Dialogue/Chapter1_Dialogue.Chapter1_Dialogue',true,,Even cooking feels like too much work. Frozen food will do… I don’t have the strength tonight.,料理をするのも面倒な気がする。冷凍食品でいいんだけど…今夜はやる気力がない。,false,"요리할 기운은커녕, 냉동 식품이면 충분하다고 느껴져… 오늘 밤은 너무 힘들다.",连做饭都感觉像个苦差事。冷冻食品就行……今晚我没精力去做。,"Sogar Kochen fühlt sich wie eine lästige Pflicht an. Tiefkühlkost tut es auch ... Ich habe heute Abend nicht die Energie, mich darum zu kümmern."
ch1_mandi,Aku harus mandi... Badan ini terasa seperti rongsokan,ch1_mandi2,/Script/Engine.DataTable'/Game/Dialogue/Chapter1_Dialogue.Chapter1_Dialogue',false,,I should take a shower… My body feels like it’s falling apart.,シャワーを浴びなきゃ…体がボロボロだ,false,꼭 씻어야 해… 몸이 완전히 망가진 듯한 느낌이야.,我需要洗个澡……这身体感觉糟透了,Ich muss duschen ... Dieser Körper fühlt sich an wie ein Wrack
ch1_mandi2,Sedikit air hangat mungkin bisa membantu menyegarkan pikiranku,None,/Script/Engine.DataTable'/Game/Dialogue/Chapter1_Dialogue.Chapter1_Dialogue',true,,Maybe a little warm water will help clear my head.,少し温かいお湯を飲むと、頭がすっきりするかもしれません。,false,"따뜻한 물이라도 조금 있으면, 머리가 더 맑아질 것 같아.",一点温水也许能帮助我清醒头脑。,"Ein wenig warmes Wasser könnte helfen, meinen Geist zu erfrischen."
ch1_photo,Setiap kali melihat foto ini... rasanya sulit untuk tidak mengingat malam itu,None,/Script/Engine.DataTable'/Game/Dialogue/Chapter1_Dialogue.Chapter1_Dialogue',true,,Every time I look at this photo… I can’t help but remember that night.,この写真を見るたびに...あの夜のことを思い出さずにはいられません。,false,"이 사진을 볼 때마다… 그날 밤이 자꾸 떠올라서, 잊기 어려워.",每次看到这张照片……就很难不想起那个晚上。,"Jedes Mal, wenn ich mir dieses Foto ansehe, fällt es mir schwer, mich nicht an diese Nacht zu erinnern."
ch1_capek,Aku masih harus mengerjakan tugas malam ini...,ch1_capek,/Script/Engine.DataTable'/Game/Dialogue/Chapter1_Dialogue.Chapter1_Dialogue',true,,I still have homework to finish tonight…,今夜はまだ宿題をやらなきゃいけない…,false,오늘 밤까지 과제를 끝내야 해… ,我今晚还得做作业……,Ich muss heute Abend noch meine Hausaufgaben machen ...
ch1_wrongway1,Tidak. Aku tidak suka melewati jalan itu.,ch1_wrongway2,/Script/Engine.DataTable'/Game/Dialogue/Chapter1_Dialogue.Chapter1_Dialogue',true,,No. I don’t like going that way.,いいえ。その道は好きではありません。,false,아니야. 나는 그 길을 지나고 싶지 않아.,不，我不喜欢走那条路。,"Nein, ich gehe diesen Weg nicht gern."
ch1_wrongway2,Bukan itu jalanan yang biasa aku lalui,ch1_wrongway3,/Script/Engine.DataTable'/Game/Dialogue/Chapter1_Dialogue.Chapter1_Dialogue',true,,That’s not the road I usually take.,それは私が普段通る道ではない,false,그건 내가 평소 다니던 길이 아니야.,这不是我通常走的路,"Das ist nicht der Weg, den ich normalerweise nehme"
ch1_wrongway3,Salah arah.,ch1_wrongway4,/Script/Engine.DataTable'/Game/Dialogue/Chapter1_Dialogue.Chapter1_Dialogue',true,,Wrong direction.,方向が間違っています。,false,방향이 틀렸어.,方向错误。,Falsche Richtung.
ch1_wrongway4,Aku tidak ingin lewat jalan itu,ch1_wrongway1,/Script/Engine.DataTable'/Game/Dialogue/Chapter1_Dialogue.Chapter1_Dialogue',true,,I don’t want to set foot on that path.,そういう道には行きたくない,false,그 길은 내가 가고 싶지 않은 길이야.,我不想那样做,Ich möchte diesen Weg nicht gehen
ch1_sarah,"Sabtu ini datang, ya. Kita sudah lama nggak ngobrol",ch1_sarah,/Script/Engine.DataTable'/Game/Dialogue/Chapter1_Dialogue.Chapter1_Dialogue',true,Sarah,This Saturday is almost here… It’s been a while since we last talked.,今週の土曜日が近づいてきましたね。しばらくその話はしていませんでしたね。,false,토요일에 보자. 우리 오랜만이니까 얘기도 좀 하자,是的，这个星期六就到了。我们有一段时间没聊天了。,"Ja, dieser Samstag kommt. Wir haben schon eine Weile nicht mehr gesprochen."
ch1_belajar,"Setelah bekerja seharian, sekarang harus mengerjakan tugas?",ch1_belajar2,/Script/Engine.DataTable'/Game/Dialogue/Chapter1_Dialogue.Chapter1_Dialogue',false,,"After working all day… and now homework, too?",一日中働いた後、今度は宿題をしなくてはいけないのですか?,false,"하루 종일 일하고 나서, 지금 과제해야 한다고?",工作了一整天，现在还得做作业？,"Nachdem Sie den ganzen Tag gearbeitet haben, müssen Sie jetzt Hausaufgaben machen?"
ch1_belajar2,Aku harus lulus tepat waktu. Beasiswaku hanya berlaku sampai semester delapan.,ch1_belajar3,/Script/Engine.DataTable'/Game/Dialogue/Chapter1_Dialogue.Chapter1_Dialogue',false,,I have to graduate on time. My scholarship only lasts until the eighth semester.,期限までに卒業しなければなりません。奨学金は8学期目までしか有効ではありません。,false,제때 졸업해야 해. 장학금은 8학기까지만 유효하니까. 실패는 없어.,我必须按时毕业。我的奖学金只持续到第八学期。,Ich muss meinen Abschluss rechtzeitig schaffen. Mein Stipendium läuft nur bis zum achten Semester.
ch1_belajar3,Tidak ada ruang untuk gagal.,None,/Script/Engine.DataTable'/Game/Dialogue/Chapter1_Dialogue.Chapter1_Dialogue',true,,There’s no room for failure.,失敗の余地はありません。,false,실수할 여유가 없어.,不存在失败的余地。,Es gibt keinen Raum für Fehler.
ch1_janitor_greeting,Selamat malam,ch1_janitor_greeting,/Script/Engine.DataTable'/Game/Dialogue/Chapter1_Dialogue.Chapter1_Dialogue',true,Janitor,Good night.,おやすみ,false,좋은 밤 되길.,晚安,Gute Nacht
ch1_roomno,Aku tinggal di unit 201 sekarang,ch1_roomno2,/Script/Engine.DataTable'/Game/Dialogue/Chapter1_Dialogue.Chapter1_Dialogue',false,,I live in unit 201 now.,私は今201号室に住んでいます,false,지금 나는 201호에 살고 있어.,我现在住在201单元,Ich lebe jetzt in Einheit 201
ch1_roomno2,Entah sejak kapan pindah dari 208... rasanya sudah lama,ch1_roomno3,/Script/Engine.DataTable'/Game/Dialogue/Chapter1_Dialogue.Chapter1_Dialogue',false,,I don’t even remember when I moved out of 208… Feels like it’s been ages.,208からいつ引っ越したのか分からない…ずいぶん昔のことのように感じます,false,언제 208호에서 이사 왔는지 모르겠지만… 오래된 기분이야.,我不知道从什么时候起我搬离了 208...感觉已经是很久以前的事了,"Ich weiß nicht, seit wann ich von 208 weggezogen bin... es fühlt sich an wie eine lange Zeit her"
ch1_roomno3,Aku ingin pemandangan yang lebih baik,None,/Script/Engine.DataTable'/Game/Dialogue/Chapter1_Dialogue.Chapter1_Dialogue',true,,I want a better view.,もっと良い景色が見たい,false,더 나은 풍경을 보고 싶어.,我想要更好的视野,Ich möchte eine bessere Sicht
ch1_dinner,Makan malam sendirian seperti ini… lama-lama terasa lebih sunyi daripada yang kukira.,None,/Script/Engine.DataTable'/Game/Dialogue/Chapter1_Dialogue.Chapter1_Dialogue',true,,"Eating alone like this… after a while, the silence feels heavier than I thought.",こうして一人で夕食をとると…しばらくすると思ったより静かに感じました。,false,이렇게 혼자 저녁 먹는 것도… 시간이 지나면 생각보다 훨씬 더 쓸쓸하게 느껴지더라.,就这样一个人吃着晚餐……过了一会儿，感觉比我想象的要安静。,"So alleine zu Abend zu essen … nach einer Weile kam es mir ruhiger vor, als ich dachte."
ch1_shower,"Rasanya aku hanya ingin langsung tidur,",ch1_shower2,/Script/Engine.DataTable'/Game/Dialogue/Chapter1_Dialogue.Chapter1_Dialogue',false,,"I just want to crawl into bed,",すぐに寝てしまいたい気分です,false,"그냥 바로 자고 싶을 뿐이야, 정말.",我感觉我只想直接睡觉，,"Ich habe das Gefühl, ich möchte einfach nur schlafen gehen,"
ch1_shower2,tapi masih ada tugas yang harus kuselesaikan malam ini,None,/Script/Engine.DataTable'/Game/Dialogue/Chapter1_Dialogue.Chapter1_Dialogue',true,,but there’s still work I need to finish tonight.,でも今夜終わらせなければならない仕事がまだある,false,그런데 오늘 밤에도 끝내야 할 과제가 남아 있어.,但我今晚还有工作要完成,"aber es gibt noch Arbeit, die ich heute Abend fertigstellen muss"
ch1_blocked,Rumahku bukan ke arah situ,ch1_blocked,/Script/Engine.DataTable'/Game/Dialogue/Chapter1_Dialogue.Chapter1_Dialogue',true,,This isn’t my home.,私の家はそうじゃない,false,내 집은 저쪽 방향이 아니야.,我家不是那样的,Mein Haus ist nicht so
ch1_customer,Maaf membuatmu menunggu...,ch1_customer_2,/Script/Engine.DataTable'/Game/Dialogue/Chapter1_Dialogue.Chapter1_Dialogue',false,,Sorry for keeping you waiting…,お待たせして申し訳ございません…,false,기다리게 해서 미안해…,抱歉让您久等了...,Entschuldigen Sie die Wartezeit ...
ch1_customer_2,Ada tambahan lain?,ch1_customer_3,/Script/Engine.DataTable'/Game/Dialogue/Chapter1_Dialogue.Chapter1_Dialogue',false,,Would you like anything else?,他に追加はありますか?,false,다른 건 더 있어?,还有什么补充吗？,Irgendwelche weiteren Ergänzungen?
ch1_customer_3,Tidak ada,ch1_customer_4,/Script/Engine.DataTable'/Game/Dialogue/Chapter1_Dialogue.Chapter1_Dialogue',false,Customer,No.,ありません,false,없어.,没有,Es gibt keine
ch1_customer_4,.,ch1_customer_5,/Script/Engine.DataTable'/Game/Dialogue/Chapter1_Dialogue.Chapter1_Dialogue',false,,.,。,false,.,。,.
ch1_customer_5,..,ch1_customer_6,/Script/Engine.DataTable'/Game/Dialogue/Chapter1_Dialogue.Chapter1_Dialogue',false,,..,..,false,..,..,..
ch1_customer_6,Baik totalnya $1.5,ch1_customer_7,/Script/Engine.DataTable'/Game/Dialogue/Chapter1_Dialogue.Chapter1_Dialogue',false,,That’ll be $1.50.,合計は1.5ドルです,True,"좋아요, 총액은 1.5달러이에요.",总共是 1.5 美元,"Der Gesamtbetrag beträgt 1,50 $."
ch1_customer_7,"Terima kasih banyak, silahkan datang kembali",None,/Script/Engine.DataTable'/Game/Dialogue/Chapter1_Dialogue.Chapter1_Dialogue',true,,Thank you. Please come again.,ありがとうございました、またお越しください,false,감사합니다. 또 오세요.,非常感谢，欢迎再次光临,"Vielen Dank, bitte kommen Sie wieder"
ch1_customer2,Ada tambahan lain?,ch1_customer2_2,/Script/Engine.DataTable'/Game/Dialogue/Chapter1_Dialogue.Chapter1_Dialogue',false,,Would you like anything else?,他に追加はありますか?,,다른 건 더 있나요?,还有什么补充吗？,Irgendwelche weiteren Ergänzungen?
ch1_customer2_2,Tidak,ch1_customer2_3,/Script/Engine.DataTable'/Game/Dialogue/Chapter1_Dialogue.Chapter1_Dialogue',false,Customer,No.,いいえ,,없습니다.,不,NEIN
ch1_customer2_3,.,ch1_customer2_4,/Script/Engine.DataTable'/Game/Dialogue/Chapter1_Dialogue.Chapter1_Dialogue',false,,.,。,,.,。,.
ch1_customer2_4,..,ch1_customer2_5,/Script/Engine.DataTable'/Game/Dialogue/Chapter1_Dialogue.Chapter1_Dialogue',false,,..,..,,..,..,..
ch1_customer2_5,Totalnya $3,ch1_customer2_6,/Script/Engine.DataTable'/Game/Dialogue/Chapter1_Dialogue.Chapter1_Dialogue',false,,Total is $3.,合計 $3,True,총액은 3달러입니다.,总计 3 美元,Gesamtbetrag 3 $
ch1_customer2_6,"Terima kasih banyak, silahkan datang kembali",None,/Script/Engine.DataTable'/Game/Dialogue/Chapter1_Dialogue.Chapter1_Dialogue',true,,Thank you. Please come again.,ありがとうございました、またお越しください,,감사합니다. 또 오세요.,非常感谢，欢迎再次光临,"Vielen Dank, bitte kommen Sie wieder"
ch1_run,Aku tidak bisa berlari saat ini,None,/Script/Engine.DataTable'/Game/Dialogue/Chapter1_Dialogue.Chapter1_Dialogue',true,,I can’t run right now.,今は走れない,,지금은 달릴 수가 없어요.,我现在不能跑,Ich kann jetzt nicht laufen
ch1_mj,"Michael Jayden. Dulu, aku ingin sekali bertemu dengannya… walau hanya sekali",None,/Script/Engine.DataTable'/Game/Dialogue/Chapter1_Dialogue.Chapter1_Dialogue',true,,"Michael Jayden. Back then… I wanted to see him so badly, even just once.",マイケル・ジェイデン。一度でいいから、彼に会いたかった。,,Michael Jayden. 예전엔 한 번이라도 만나고 싶었는데… 설령 한 번이라도 말이야.,迈克尔·杰登。我以前一直想见他……哪怕只有一次。,Michael Jayden. Ich wollte ihn immer treffen … zumindest nur einmal.
ch1_car,Mobil rusak seperti ini… aku tidak terlalu ingin melihatnya,None,/Script/Engine.DataTable'/Game/Dialogue/Chapter1_Dialogue.Chapter1_Dialogue',true,,A broken-down car like this… I’d rather not look at it.,こんな壊れた車…あまり見たくないですね。,,망가진 차는… 솔직히 보고 싶지 않아.,像这样抛锚的汽车……我真的不想看到。,So ein kaputtes Auto … das will ich eigentlich nicht sehen.
ch1_first,Aku kerja paruh waktu sebagai kasir di minimarket sambil kuliah,ch1_first2,/Script/Engine.DataTable'/Game/Dialogue/Chapter1_Dialogue.Chapter1_Dialogue',false,,I work part-time as a cashier at a minimarket while studying.,私は勉強しながら、ミニマーケットでレジ係としてパートタイムで働いています。,,나는 대학 다니면서 편의점에서 아르바이트를 해.,我在学习期间在一家小型超市兼职做收银员。,Ich arbeite neben meinem Studium Teilzeit als Kassiererin in einem Minimarkt.
ch1_first2,"Bukan hidup yang luar biasa, tapi cukup untuk terus berjalan",None,/Script/Engine.DataTable'/Game/Dialogue/Chapter1_Dialogue.Chapter1_Dialogue',true,,It’s not much of a life… but it’s enough to keep going.,素晴らしい人生ではないが、続けるには十分だ,,"평범하지 않은 삶이지만, 그래도 계속 버텨갈 수 있을 정도는 돼.",生活不算美好，但足以继续前行,"Kein tolles Leben, aber genug, um weiterzumachen"
