Name,ID,JP,EN,KR,CH,DE,,,,,,,,,,,,,,,,,,,,,,,,,,,,,,,,,,,,,,,,,,,
koran,"NSLOCTEXT(""[5AD89E1724D6A920726631A75D1C3CE3]"", ""6FE3E59C44AAACEF6F49B689663C4D7A"", ""Pulang dari Kejuaraan, Mobil Keluarga Meledak di Garsik\r\n\r\nKota Garsik, 12 Juli 2020 – Kecelakaan maut terjadi lima tahun lalu di Jalan Lembah Seruni. Mobil yang ditumpangi keluarga Santosa menabrak pohon dan meledak, menewaskan Jeffry Santosa (45) dan istrinya, Lestari Wulandari (42).\r\n\r\nPutra mereka, Michael Ryan Santosa (16), selamat namun mengalami patah kaki serius akibat terjepit dashboard mobil yang ringsek. Saat itu, keluarga ini baru saja pulang dari kejuaraan basket antar sekolah yang dimenangkan oleh Ryan.\r\n\r\nMobil diduga hilang kendali di tikungan licin usai hujan. Sesaat setelah benturan, terdengar ledakan hebat dan kobaran api melalap kendaraan. Ryan berhasil diselamatkan warga tak lama sebelum api membesar.\r\n\r\nPeristiwa ini menyisakan duka mendalam bagi warga Garsik, terutama komunitas olahraga tempat Ryan bernaung."")","NSLOCTEXT(""[5AD89E1724D6A920726631A75D1C3CE3]"", ""A877356540F55095AF7F969572FB8D95"", ""大会からの帰路、ガルシクで一家の車が爆発\r\n\r\nガルシク市、2020年7月12日 — 5年前、スルニ渓谷通りで悲惨な事故が発生しました。サントサ一家が乗っていた車が木に衝突して爆発し、ジェフリー・サントサ氏（45歳）と妻レスタリ・ウランダリさん（42歳）が死亡しました。\r\n\r\n息子のマイケル・ライアン・サントサさん（16歳）は一命を取り留めたものの、車のダッシュボードに足を挟まれ、重傷を負いました。当時、家族はライアンが優勝した学校間バスケットボール大会からの帰り道でした。\r\n\r\n事故は、雨の後で滑りやすくなっていたカーブで車が制御を失ったとみられています。衝突の直後、大きな爆発音とともに車が炎上。ライアンさんは炎が広がる前に住民によって救出されました。\r\n\r\nこの事故はガルシクの住民、特にライアンが所属していたスポーツコミュニティに深い悲しみを残しました。"")","NSLOCTEXT(""[5AD89E1724D6A920726631A75D1C3CE3]"", ""1DE551F24A8B21F73AA568A5F88ED2A5"", ""Returning from Championship, Family Car Explodes in Garsik\r\n\r\nGarsik City, July 12, 2020 – A fatal accident occurred five years ago on Lembah Seruni Street. The car carrying the Santosa family crashed into a tree and exploded, killing Jeffry Santosa (45) and his wife, Lestari Wulandari (42).\r\n\r\nTheir son, Michael Ryan Santosa (16), survived but suffered a severe leg fracture after being trapped by the crushed dashboard. At the time, the family had just returned from a school basketball championship won by Ryan.\r\n\r\nThe vehicle is suspected to have lost control on a slippery curve after rain. Moments after the collision, a loud explosion was heard and flames engulfed the car. Ryan was rescued by local residents shortly before the fire intensified.\r\n\r\nThis tragedy left a deep scar on the people of Garsik, especially within the sports community where Ryan belonged.\r\n\r\n"")","NSLOCTEXT(""[5AD89E1724D6A920726631A75D1C3CE3]"", ""0CF05CD649731E179D3A12BEFB24C2C4"", ""대회에서 돌아오던 중, 가족 차량 가르식에서 폭발\r\n\r\n가르식시, 2020년 7월 12일 – 5년 전, 렘바 세루니 거리에서 치명적인 사고가 발생했습니다. 산토사 가족이 타고 있던 차량이 나무를 들이받은 뒤 폭발해, 제프리 산토사(45)와 그의 아내 레스타리 울란다리(42)가 사망했습니다.\r\n\r\n그들의 아들 마이클 라이언 산토사(16)는 살아남았지만, 차량 대시보드에 갇혀 심각한 다리 골절을 입었습니다. 당시 가족은 라이언이 우승한 학교 농구 대회에서 막 돌아오던 중이었습니다.\r\n\r\n사고 차량은 비가 내린 뒤 미끄러운 커브 길에서 통제력을 잃은 것으로 보입니다. 충돌 직후 큰 폭발음이 들렸고, 차량은 화염에 휩싸였습니다. 라이언은 불길이 번지기 직전 마을 주민들에 의해 구조되었습니다.\r\n\r\n이 사건은 가르식 시민들, 특히 라이언이 몸담고 있던 스포츠 커뮤니티에 깊은 슬픔을 남겼습니다."")","NSLOCTEXT(""[5AD89E1724D6A920726631A75D1C3CE3]"", ""1DE551F24A8B21F73AA568A5F88ED2A5"", ""从冠军赛归来，家庭汽车在加尔西克爆炸\r\n\r\n加尔西克市，2020年7月12日 – 五年前，位于茉莉谷街发生了一起致命事故。搭载桑托萨家庭的汽车撞上一棵树并爆炸，导致杰弗里·桑托萨（45岁）及其妻子莱斯塔丽·武兰达里（42岁）丧生。\r\n\r\n他们的儿子迈克尔·瑞安·桑托萨（16岁）幸存，但被压坏的仪表板困住后造成严重腿部骨折。当时，家庭刚从瑞安赢得的学校篮球冠军赛归来。\r\n\r\n事故车辆疑因雨后湿滑弯道失控。碰撞发生后不久，传来一声巨响，火焰吞没了汽车。瑞安在火势加剧前不久被当地居民救出。\r\n\r\n这一悲剧在加尔西克人民心中留下了深深的伤痕，尤其是在瑞安所属的体育社区中。"")","NSLOCTEXT(""[5AD89E1724D6A920726631A75D1C3CE3]"", ""1DE551F24A8B21F73AA568A5F88ED2A5"", ""Nach der Rückkehr von der Meisterschaft explodiert das Familienauto in Garsik\r\n\r\nGarsik-Stadt, 12. Juli 2020 – Vor fünf Jahren ereignete sich in der Lembah Seruni Straße ein tödlicher Unfall. Das Auto der Familie Santosa prallte gegen einen Baum und explodierte, wobei Jeffry Santosa (45) und seine Frau Lestari Wulandari (42) getötet wurden.\r\n\r\nIhr Sohn, Michael Ryan Santosa (16), überlebte, erlitt jedoch einen schweren Beinbruch, nachdem er von dem zerquetschten Armaturenbrett eingeklemmt wurde. Zu diesem Zeitpunkt war die Familie gerade von einer Schul-Basketballmeisterschaft zurückgekehrt, die Ryan gewonnen hatte.\r\n\r\nEs wird vermutet, dass das Fahrzeug auf einer rutschigen Kurve nach Regen die Kontrolle verlor. Kurz nach der Kollision war eine laute Explosion zu hören, und Flammen erfassten das Auto. Ryan wurde kurz vor der Verschärfung des Feuers von Anwohnern gerettet.\r\n\r\nDiese Tragödie hinterließ tiefe Spuren bei den Menschen in Garsik, insbesondere in der Sportgemeinschaft, der Ryan angehörte."")",,,,,,,,,,,,,,,,,,,,,,,,,,,,,,,,,,,,,,,,,,,
rontgen,,汚らしいクソ野郎、クソ野郎、クソ野郎、クソ野郎、クソ野郎、愚かな女、クソ野郎、地獄で腐れろ,,"더럽고 빌어먹을 놈, 멍청하고 똥같은 놈, 미친년, 씨발년, 새끼야, 멍청한 년, 씨발년 지옥에서 썩어라 썩어라",你这个肮脏的小混蛋，愚蠢的混蛋，满嘴的屎，你这个疯女人，混蛋，你这个混蛋，你这个混蛋，你这个狗娘养的，弱智的贱人，下地狱去吧,,,,,,,,,,,,,,,,,,,,,,,,,,,,,,,,,,,,,,,,,,,,
message_from_sarah,"Berapa lama lagi kamu mau terus lari? Besok, datang. Kita harus bicara... serius",あとどれくらい走り続けるつもりだ？ 明日、来てくれ。話がある…本気で,"How much longer will you keep running? Tomorrow, come. We need to talk… seriously",얼마나 더 도망칠 거야? 내일 와. 얘기해야 해… 진지하게,你还要逃跑多久？明天，来。我们需要谈谈…认真地,Wie lange willst du noch weglaufen? Komm morgen. Wir müssen reden… ernsthaft,,,,,,,,,,,,,,,,,,,,,,,,,,,,,,,,,,,,,,,,,,,
is_attending_sarah,"Sudah lama aku tidak kembali… mungkin kini saatnya, sebelum segalanya lepas kendali",戻ってきてから久しい…そろそろかもしれない、全てが制御不能になる前に,"It’s been a long time since I came back… maybe now’s the time, before everything spirals out of control","돌아온 지 오래됐어… 아마 지금이야, 모든 게 통제 불능이 되기 전에",我回来已经很久了…也许现在是时候，在一切失控之前,"Es ist lange her, dass ich zurückgekommen bin… vielleicht ist jetzt die Zeit, bevor alles außer Kontrolle gerät",,,,,,,,,,,,,,,,,,,,,,,,,,,,,,,,,,,,,,,,,,,
reply_sarah_1,"Besok, aku akan datang",明日、来るよ,"Tomorrow, I will come","내일, 갈게",明天，我会来,Morgen werde ich kommen,,,,,,,,,,,,,,,,,,,,,,,,,,,,,,,,,,,,,,,,,,,
reply_sarah_2,(Abaikan),（無視）,(Ignore),(무시),（忽略）,(Ignorieren),,,,,,,,,,,,,,,,,,,,,,,,,,,,,,,,,,,,,,,,,,,
pill_question,Minum obat ini?,この薬を飲む？,Take this medicine?,이 약 먹을래?,吃这个药吗？,Dieses Medikament nehmen?,,,,,,,,,,,,,,,,,,,,,,,,,,,,,,,,,,,,,,,,,,,
pill_yes,"Minum, lalu tidur",飲んで、それから寝ろ,"Take it, then sleep","먹고, 그다음에 자",吃了，然后睡觉,"Nimm es, und dann schlafe",,,,,,,,,,,,,,,,,,,,,,,,,,,,,,,,,,,,,,,,,,,
pill_no,Aku tidak membutuhkan ini...,いらない…,I don’t need this…,필요 없는데…,我不需要这个…,Ich brauche das nicht…,,,,,,,,,,,,,,,,,,,,,,,,,,,,,,,,,,,,,,,,,,,
sleep_question,Lewati minum obat?,薬を飲まない？,Skip taking medicine?,약 안 먹을래?,不吃药吗？,Medikament überspringen?,,,,,,,,,,,,,,,,,,,,,,,,,,,,,,,,,,,,,,,,,,,
sleep_yes,"Ya, aku hanya butuh istirahat",うん、ただ休みたいだけ,"Yes, I just need rest","응, 그냥 쉬고 싶어",是的，我只需要休息,"Ja, ich brauche nur Ruhe",,,,,,,,,,,,,,,,,,,,,,,,,,,,,,,,,,,,,,,,,,,
sleep_no,Mungkin aku membutuhkannya,もしかしたら、必要かもしれない,Maybe I do need it,"어쩌면, 필요할지도",也许我确实需要,Vielleicht brauche ich es doch,,,,,,,,,,,,,,,,,,,,,,,,,,,,,,,,,,,,,,,,,,,
start,Mulai,始める,Start,시작 ,开始 ,Start,,,,,,,,,,,,,,,,,,,,,,,,,,,,,,,,,,,,,,,,,,,
select_chapter,Pilih Episode,章を選択,Select Episode,챕터 선택 ,选择章节 ,Kapitel auswählen,,,,,,,,,,,,,,,,,,,,,,,,,,,,,,,,,,,,,,,,,,,
option,Pengaturan,設定,Settings,설정,设置 ,Einstellungen,,,,,,,,,,,,,,,,,,,,,,,,,,,,,,,,,,,,,,,,,,,
exit_game,Keluar,出口,Exit,게임 종료,退出游戏 ,Spiel beenden,,,,,,,,,,,,,,,,,,,,,,,,,,,,,,,,,,,,,,,,,,,
language,Bahasa,言語,Language,언어 ,语言,Sprache,,,,,,,,,,,,,,,,,,,,,,,,,,,,,,,,,,,,,,,,,,,
back,Kembali,戻る,Back,돌아가다 ,回,Zurück,,,,,,,,,,,,,,,,,,,,,,,,,,,,,,,,,,,,,,,,,,,
save,Simpan,保存,Save,저장,保存,Speichern,,,,,,,,,,,,,,,,,,,,,,,,,,,,,,,,,,,,,,,,,,,
mouse_sensitivity,Sensitivitas Mouse,マウス感度,Mouse Sensitivity,마우스 감도,鼠标灵敏度,Maus-Empfindlichkeit,,,,,,,,,,,,,,,,,,,,,,,,,,,,,,,,,,,,,,,,,,,
koran_baru,"NSLOCTEXT(""[5AD89E1724D6A920726631A75D1C3CE3]"", ""2E91F1C84D8F9B746A3A85F93BC1A66F"", ""Pria 21 Tahun Ditemukan Tewas Gantung Diri di Kos Mawar Hitam\r\n\r\nKota Garsik, 14 Oktober 2024 – Warga Kos Mawar Hitam digegerkan oleh penemuan jasad Michael Ryan Santosa (21) pada Senin malam. Korban ditemukan tergantung di dalam kamarnya oleh salah satu penghuni kos.\r\n\r\nMenurut keterangan polisi, tidak ditemukan tanda-tanda kekerasan fisik pada tubuh korban. Di lantai kamar, sebuah bola basket terlihat tergeletak tak jauh dari posisi korban.\r\n\r\nSejumlah tetangga kos menyebut Ryan jarang berinteraksi dan sering terlihat pulang larut malam. “Belakangan dia kelihatan murung, sering melamun sendiri,” ujar salah satu penghuni kos.\r\n\r\nPolisi menduga korban mengalami depresi berat sebelum mengakhiri hidupnya. Kasus ini masih dalam penyelidikan."")","NSLOCTEXT(""[5AD89E1724D6A920726631A75D1C3CE3]"", ""2E91F1C84D8F9B746A3A85F93BC1A66F"", ""21歳の男性、ブラックローズ寮で首吊り自殺で発見される\r\n\r\nガルシク市、2024年10月14日 – ブラックローズ寮の住人たちは、マイケル・ライアン・サントサさん（21）が月曜の夜に亡くなっているのを発見し、騒然となった。被害者は寮の住人の一人によって、自室で首を吊っている状態で発見された。\r\n\r\n警察の発表によると、遺体に外傷の痕は見つからなかった。部屋の床には、被害者の近くにバスケットボールが置かれていた。\r\n\r\n複数の寮の隣人は、ライアンがあまり人と交流せず、夜遅くに帰宅することが多かったと話す。「最近、彼は憂鬱そうで、一人でぼんやりしていることが多かった」と、寮の住人の一人は語った。\r\n\r\n警察は、被害者が自ら命を絶つ前に重度のうつ病を患っていた可能性があるとみている。この事件は現在も捜査中である。"")","NSLOCTEXT(""[5AD89E1724D6A920726631A75D1C3CE3]"", ""2E91F1C84D8F9B746A3A85F93BC1A66F"", ""21-Year-Old Man Found Dead by Hanging at Black Rose Boarding House\r\n\r\nGarsik City, October 14, 2024 – Residents of the Black Rose Boarding House were shocked by the discovery of Michael Ryan Santosa (21) on Monday night. The victim was found hanging in his room by one of the boarding house residents.\r\n\r\nAccording to police, there were no signs of physical violence on the victim’s body. On the floor of the room, a basketball was seen lying not far from the victim.\r\n\r\nSeveral neighbors said Ryan rarely interacted with others and was often seen coming home late at night. “Lately, he seemed gloomy and often stared off into space,” said one of the residents.\r\n\r\nPolice suspect the victim may have suffered from severe depression before ending his life. The case is still under investigation."")","NSLOCTEXT(""[5AD89E1724D6A920726631A75D1C3CE3]"", ""2E91F1C84D8F9B746A3A85F93BC1A66F"", ""21세 남성, 블랙로즈 하숙에서 목 매 자살로 발견\r\n\r\n가르식 시, 2024년 10월 14일 – 블랙로즈 하숙 주민들은 마이클 라이언 산토사(21)가 월요일 밤에 사망한 채 발견되자 충격에 휩싸였다. 피해자는 하숙생 중 한 명에 의해 자신의 방에서 목을 매고 있는 상태로 발견되었다.\r\n\r\n경찰에 따르면, 시신에서는 외부 폭력의 흔적이 발견되지 않았다. 방 바닥에는 피해자 근처에 농구공이 놓여 있었다.\r\n\r\n여러 하숙 이웃들은 라이언이 사람들과 거의 교류하지 않았고, 밤늦게 귀가하는 경우가 많았다고 전했다. “최근 그는 우울해 보였고, 혼자 멍하니 있는 경우가 많았다”고 한 하숙생이 말했다.\r\n\r\n경찰은 피해자가 스스로 목숨을 끊기 전에 심각한 우울증을 겪었을 가능성이 있다고 보고 있다. 이 사건은 현재 조사 중이다."")","NSLOCTEXT(""[5AD89E1724D6A920726631A75D1C3CE3]"", ""2E91F1C84D8F9B746A3A85F93BC1A66F"", ""一名21岁男子在黑玫瑰宿舍被发现上吊身亡\r\n\r\n加尔西克市，2024年10月14日 – 黑玫瑰宿舍的居民因在周一晚间发现迈克尔·瑞安·桑托萨（21岁）的尸体而震惊。受害者被一名宿舍居民发现在自己的房间内上吊。\r\n\r\n警方表示，受害者身体上没有发现外力暴力的痕迹。房间地板上，一只篮球放在离受害者不远的地方。\r\n\r\n多位邻居表示，瑞安很少与人交流，经常深夜才回家。“最近，他看起来很忧郁，经常独自发呆，”一名居民说道。\r\n\r\n警方怀疑，受害者在结束生命前可能患有严重抑郁症。此案件仍在调查中。"")","NSLOCTEXT(""[5AD89E1724D6A920726631A75D1C3CE3]"", ""2E91F1C84D8F9B746A3A85F93BC1A66F"", ""21-jähriger Mann tot in Black Rose Boarding House durch Erhängen gefunden\r\n\r\nGarsik-Stadt, 14. Oktober 2024 – Die Bewohner des Black Rose Boarding House waren schockiert über die Entdeckung von Michael Ryan Santosa (21) am Montagabend. Das Opfer wurde von einem der Bewohner seines Zimmers hängend aufgefunden.\r\n\r\nLaut Polizei gab es keine Anzeichen von körperlicher Gewalt am Körper des Opfers. Auf dem Boden des Zimmers lag ein Basketball nicht weit vom Opfer entfernt.\r\n\r\nMehrere Nachbarn berichteten, dass Ryan selten mit anderen interagierte und oft spät in der Nacht nach Hause kam. „In letzter Zeit wirkte er düster und starrte oft vor sich hin“, sagte einer der Bewohner.\r\n\r\nDie Polizei vermutet, dass das Opfer vor der Beendigung seines Lebens an schwerer Depression gelitten haben könnte. Der Fall wird weiterhin untersucht."")",,,,,,,,,,,,,,,,,,,,,,,,,,,,,,,,,,,,,,,,,,,
